{"java.util": 0.0, "java.util.concurrent": 0.4054651081081644, "java.net": 1.0986122886681098, "java.util.concurrent.atomic": 1.0986122886681098, "java.util.regex": 1.3862943611198906, "java.sql": 1.3862943611198906, "java.lang": 0.5389965007326869, "java.lang.ref": 0.8754687373538999, "java.io": 0.5389965007326869, "java.util.logging": 1.791759469228055, "java.util.function": 1.0986122886681098, "java.time": 1.3862943611198906, "java.awt": 1.3862943611198906, "java.util.stream": 1.0986122886681098, "java.lang.annotation": 1.0986122886681098, "java.math": 0.8754687373538999, "java.nio": 1.3862943611198906, "java.nio.file": 1.3862943611198906, "java.lang.reflect": 1.0986122886681098, "javax.annotation.processing": 1.791759469228055, "java.util.concurrent.locks": 1.791759469228055}
{"Set": 0.0870113769896297, "Collection": 0.28768207245178085, "TreeMap": 1.0986122886681098, "Collections": 0.0870113769896297, "HashSet": 0.1823215567939546, "NavigableSet": 1.791759469228055, "Random": 0.5389965007326869, "Arrays": 0.1823215567939546, "Map": 0.28768207245178085, "Comparator": 0.5389965007326869, "Objects": 0.4054651081081644, "TreeSet": 0.6931471805599453, "ThreadLocalRandom": 0.6931471805599453, "URL": 1.3862943611198906, "Map.Entry": 1.0986122886681098, "AbstractMap": 1.3862943611198906, "AbstractSet": 1.3862943611198906, "List": 0.0870113769896297, "AbstractList": 1.0986122886681098, "Date": 0.6931471805599453, "ArrayList": 0.4054651081081644, "AtomicInteger": 1.791759469228055, "Pattern": 1.3862943611198906, "Timestamp": 1.791759469228055, "LinkedList": 1.791759469228055, "HashMap": 0.6931471805599453, "Stack": 0.8754687373538999, "EnumSet": 0.5389965007326869, "ServiceLoader": 1.791759469228055, "Optional": 0.8754687373538999, "String": 0.8754687373538999, "NullPointerException": 1.3862943611198906, "System": 0.8754687373538999, "Object": 1.0986122886681098, "WeakHashMap": 1.791759469228055, "LinkedHashMap": 1.0986122886681098, "Math": 1.0986122886681098, "Runnable": 1.791759469228055, "AutoCloseable": 1.791759469228055, "Runtime": 1.791759469228055, "Number": 1.791759469228055, "Cleaner.Cleanable": 1.791759469228055, "Cleaner": 1.791759469228055, "TimeUnit": 1.3862943611198906, "ThreadPoolExecutor": 1.3862943611198906, "Connection": 1.791759469228055, "FileInputStream": 1.791759469228055, "InputStream": 1.3862943611198906, "BufferedReader": 1.791759469228055, "OutputStream": 1.3862943611198906, "FileOutputStream": 1.791759469228055, "AbstractSequentialList": 1.791759469228055, "ListIterator": 1.3862943611198906, "Class": 0.6931471805599453, "AbstractCollection": 1.3862943611198906, "AbstractMap.SimpleEntry": 1.791759469228055, "Instant": 1.3862943611198906, "Iterator": 0.6931471805599453, "Point": 1.791759469228055, "Dimension": 1.3862943611198906, "Hashtable": 1.3862943611198906, "Vector": 1.3862943611198906, "Properties": 1.791759469228055, "BitSet": 1.791759469228055, "Period": 1.791759469228055, "ZonedDateTime": 1.791759469228055, "LocalDateTime": 1.791759469228055, "IntStream": 1.3862943611198906, "OptionalLong": 1.791759469228055, "OptionalDouble": 1.791759469228055, "OptionalInt": 1.791759469228055, "Throwable": 1.3862943611198906, "Package": 1.791759469228055, "ElementType": 1.3862943611198906, "RetentionPolicy": 1.3862943611198906, "BigInteger": 1.0986122886681098, "File": 1.791759469228055, "Scanner": 1.791759469228055, "EnumMap": 1.0986122886681098, "Stream": 1.3862943611198906, "Collector": 1.791759469228055, "Collectors": 1.3862943611198906, "Paths": 1.791759469228055, "Files": 1.791759469228055, "Path": 1.791759469228055, "SplittableRandom": 1.3862943611198906, "ConcurrentHashMap": 1.3862943611198906, "LongStream": 1.791759469228055, "ToLongBiFunction": 1.791759469228055, "BiPredicate": 1.791759469228055, "LongFunction": 1.791759469228055, "Supplier": 1.791759469228055, "ObjLongConsumer": 1.791759469228055, "ToIntBiFunction": 1.791759469228055, "BiFunction": 1.791759469228055, "ObjDoubleConsumer": 1.791759469228055, "ToDoubleBiFunction": 1.791759469228055, "IntPredicate": 1.791759469228055, "ObjIntConsumer": 1.791759469228055, "LongBinaryOperator": 1.791759469228055, "Function": 1.3862943611198906, "BooleanSupplier": 1.791759469228055, "Predicate": 1.791759469228055, "LongToIntFunction": 1.791759469228055, "BiConsumer": 1.791759469228055, "Consumer": 1.791759469228055, "StreamSupport": 1.791759469228055, "DoubleBinaryOperator": 1.791759469228055, "TypeNotPresentException": 1.791759469228055, "Annotation": 1.3862943611198906, "InvocationTargetException": 1.3862943611198906, "Method": 1.3862943611198906, "LinkOption": 1.791759469228055, "RoundingMode": 1.791759469228055, "BigDecimal": 1.3862943611198906, "PriorityQueue": 1.791759469228055, "FutureTask": 1.791759469228055, "Component": 1.791759469228055, "ThreadLocal": 1.3862943611198906, "ClassNotFoundException": 1.791759469228055, "Field": 1.791759469228055, "Constructor": 1.791759469228055, "Integer": 1.3862943611198906, "BlockingQueue": 1.3862943611198906, "Delayed": 1.791759469228055, "DelayQueue": 1.791759469228055, "AnnotatedElement": 1.791759469228055, "Observer": 1.791759469228055, "Executors": 1.791759469228055, "CopyOnWriteArrayList": 1.791759469228055, "ExecutorService": 1.791759469228055, "ScheduledThreadPoolExecutor": 1.791759469228055, "Callable": 1.791759469228055, "ExecutorCompletionService": 1.791759469228055, "ForkJoinPool": 1.791759469228055, "Executor": 1.791759469228055, "ForkJoinTask": 1.791759469228055, "Queue": 1.791759469228055, "ConcurrentMap": 1.791759469228055, "CyclicBarrier": 1.791759469228055, "Exchanger": 1.791759469228055, "Phaser": 1.791759469228055, "CountDownLatch": 1.791759469228055, "Semaphore": 1.791759469228055, "Lock": 1.791759469228055, "AtomicLong": 1.791759469228055, "ObjectInputFilter": 1.791759469228055, "ObjectInputStream": 1.791759469228055, "InvalidClassException": 1.791759469228055, "ObjectOutputStream": 1.791759469228055, "Proxy": 1.791759469228055}
{"hashCode": 0.8754687373538999, "equals": 0.6931471805599453, "addAll": 0.6931471805599453, "sort": 1.0986122886681098, "compare": 1.3862943611198906, "toString": 0.1823215567939546, "requireNonNull": 0.5389965007326869, "current": 1.3862943611198906, "contains": 0.6931471805599453, "add": 0.1823215567939546, "get": 0.1823215567939546, "incrementAndGet": 1.791759469228055, "isEmpty": 0.6931471805599453, "push": 1.0986122886681098, "clone": 1.3862943611198906, "pop": 1.0986122886681098, "put": 1.791759469228055, "hash": 1.791759469228055, "of": 0.8754687373538999, "list": 1.791759469228055, "from": 1.791759469228055, "valueOf": 0.8754687373538999, "matches": 1.791759469228055, "matcher": 1.791759469228055, "run": 1.791759469228055, "close": 1.791759469228055, "gc": 1.791759469228055, "clean": 1.791759469228055, "register": 1.791759469228055, "create": 1.791759469228055, "read": 1.791759469228055, "readLine": 1.791759469228055, "listIterator": 1.791759469228055, "next": 0.6931471805599453, "size": 0.5389965007326869, "getValue": 1.791759469228055, "getKey": 1.791759469228055, "setValue": 1.791759469228055, "shuffle": 1.3862943611198906, "set": 1.3862943611198906, "now": 1.791759469228055, "remove": 1.0986122886681098, "removeRange": 1.791759469228055, "getX": 1.791759469228055, "getY": 1.791759469228055, "clear": 1.0986122886681098, "removeAll": 1.3862943611198906, "retainAll": 1.3862943611198906, "toArray": 1.0986122886681098, "containsAll": 1.3862943611198906, "iterator": 0.6931471805599453, "getProperty": 1.791759469228055, "hasNext": 0.8754687373538999, "toByteArray": 1.791759469228055, "compareTo": 1.3862943611198906, "getTime": 1.3862943611198906, "setYear": 1.791759469228055, "sum": 1.791759469228055, "stream": 1.0986122886681098, "ofNullable": 1.791759469228055, "empty": 1.791759469228055, "isPresent": 1.791759469228055, "asList": 0.8754687373538999, "naturalOrder": 1.3862943611198906, "values": 1.0986122886681098, "keySet": 1.3862943611198906, "reversed": 1.791759469228055,